#Stock	Barcode	SIMR Order	Lane #'s	Flowcell ID	Link to aligned bam file
Df-Mcm5	CGTACTAG-TTCTAGCT	MOLNG-2416	1-4	HGC5JBGX7	http://tracks.stowers.org/microarray/repo/dem/talia/Df-Mcm5.realigned.bam
mcm5-01	AGGCAGAA-CCTAGAGT	MOLNG-2416	1-4	HGC5JBGX7	http://tracks.stowers.org/microarray/repo/dem/talia/mcm5-01.realigned.bam
mcm5-02	TCCTGAGC-GCGTAAGA	MOLNG-2416	1-4	HGC5JBGX7	http://tracks.stowers.org/microarray/repo/dem/talia/mcm5-02.realigned.bam
mcm5-03	GGACTCCT-CTATTAAG	MOLNG-2416	1-4	HGC5JBGX7	http://tracks.stowers.org/microarray/repo/dem/talia/mcm5-03.realigned.bam
mcm5-04	TAGGCATG-AAGGCTAT	MOLNG-2416	1-4	HGC5JBGX7	http://tracks.stowers.org/microarray/repo/dem/talia/mcm5-04.realigned.bam
mcm5-05	CGGAGCCT-GAGCCTTA	MOLNG-2416	1-4	HGC5JBGX7	http://tracks.stowers.org/microarray/repo/dem/talia/mcm5-05.realigned.bam
mcm5-06	CAGAGAGG-TTATGCGA	MOLNG-2416	1-4	HGC5JBGX7	http://tracks.stowers.org/microarray/repo/dem/talia/mcm5-06.realigned.bam
mcm5-07	GCTACGCT-CTCTCTAT	MOLNG-2416	1-4	HGC5JBGX7	http://tracks.stowers.org/microarray/repo/dem/talia/mcm5-07.realigned.bam
mcm5-08	CGAGGCTG-TATCCTCT	MOLNG-2416	1-4	HGC5JBGX7	http://tracks.stowers.org/microarray/repo/dem/talia/mcm5-08.realigned.bam
mcm5-09	AAGAGGCA-AGAGTAGA	MOLNG-2416	1-4	HGC5JBGX7	http://tracks.stowers.org/microarray/repo/dem/talia/mcm5-09.realigned.bam
mcm5-10	GTAGAGGA-GTAAGGAG	MOLNG-2416	1-4	HGC5JBGX7	http://tracks.stowers.org/microarray/repo/dem/talia/mcm5-10.realigned.bam
mcm5-11	ACTCGCTA-ACTGCATA	MOLNG-2416	1-4	HGC5JBGX7	http://tracks.stowers.org/microarray/repo/dem/talia/mcm5-11.realigned.bam
mcm5-12	GGAGCTAC-AAGGAGTA	MOLNG-2416	1-4	HGC5JBGX7	http://tracks.stowers.org/microarray/repo/dem/talia/mcm5-12.realigned.bam
mcm5-13	GCGTAGTA-CTAAGCCT	MOLNG-2416	1-4	HGC5JBGX7	http://tracks.stowers.org/microarray/repo/dem/talia/mcm5-13.realigned.bam
mcm5-14	GGAGCTAC-CTAAGCCT	MOLNG-2417	1-4	HG5V5BGX7	http://tracks.stowers.org/microarray/repo/dem/talia/mcm5-14.realigned.bam
mcm5-15	GCGTAGTA-GAGCCTTA	MOLNG-2417	1-4	HG5V5BGX7	http://tracks.stowers.org/microarray/repo/dem/talia/mcm5-15.realigned.bam
mcm5-16	CGGAGCCT-TTATGCGA	MOLNG-2417	1-4	HG5V5BGX7	http://tracks.stowers.org/microarray/repo/dem/talia/mcm5-16.realigned.bam
mcm5-17	TACGCTGC-TCGACTAG	MOLNG-2417	1-4	HG5V5BGX7	http://tracks.stowers.org/microarray/repo/dem/talia/mcm5-17.realigned.bam
mcm5-18	ATGCGCAG-TTCTAGCT	MOLNG-2417	1-4	HG5V5BGX7	http://tracks.stowers.org/microarray/repo/dem/talia/mcm5-18.realigned.bam
mcm5-19	TAGCGCTC-CCTAGAGT	MOLNG-2417	1-4	HG5V5BGX7	http://tracks.stowers.org/microarray/repo/dem/talia/mcm5-19.realigned.bam
mcm5-20	ACTGAGCG-CTCTCTAT	MOLNG-2417	1-4	HG5V5BGX7	http://tracks.stowers.org/microarray/repo/dem/talia/mcm5-20.realigned.bam
mcm5-21	CGATCAGT-CTATTAAG	MOLNG-2417	1-4	HG5V5BGX7	http://tracks.stowers.org/microarray/repo/dem/talia/mcm5-21.realigned.bam
mcm5-22	CCTAAGAC-TATCCTCT	MOLNG-2417	1-4	HG5V5BGX7	http://tracks.stowers.org/microarray/repo/dem/talia/mcm5-22.realigned.bam
mcm5-23	TGCAGCTA-GCGTAAGA	MOLNG-2417	1-4	HG5V5BGX7	http://tracks.stowers.org/microarray/repo/dem/talia/mcm5-23.realigned.bam
mcm5-24	TCGACGTC-AAGGAGTA	MOLNG-2417	1-4	HG5V5BGX7	http://tracks.stowers.org/microarray/repo/dem/talia/mcm5-24.realigned.bam
mcm5-25	TAAGGCGA-AGAGTAGA	MOLNG-2417	1-4	HG5V5BGX7	http://tracks.stowers.org/microarray/repo/dem/talia/mcm5-25.realigned.bam
mcm5-26	CGTACTAG-GTAAGGAG	MOLNG-2417	1-4	HG5V5BGX7	http://tracks.stowers.org/microarray/repo/dem/talia/mcm5-26.realigned.bam
mcm5-27	AGGCAGAA-ACTGCATA	MOLNG-2417	1-4	HG5V5BGX7	http://tracks.stowers.org/microarray/repo/dem/talia/mcm5-27.realigned.bam
mcm5-28	TCCTGAGC-AAGGCTAT	MOLNG-2417	1-4	HG5V5BGX7	http://tracks.stowers.org/microarray/repo/dem/talia/mcm5-28.realigned.bam
Mcm5-A7	TAAGGCGA-TCGACTAG	MOLNG-2416	1-4	HGC5JBGX7	http://tracks.stowers.org/microarray/repo/dem/talia/Mcm5-A7.realigned.bam
